period,high_value_flag,orders,revenue,aov
Post,false,554,28387.800053358078,51.241516341801585
Post,true,152,28535.520043134689,187.73368449430717
Pre,false,517,26279.210029244423,50.830193480163295
Pre,true,127,23193.670013427734,182.62732294037585
